predictions,y_test
1.8202452980126465,1.5797835966168103
2.063078889681902,2.0
2.0041080016612742,2.1367205671564067
2.241097624515955,2.3010299956639813
2.1127686795137746,2.173186268412274
2.606809651075217,2.496929648073215
1.5610371610707698,1.4771212547196624
2.07312016798187,2.113943352306837
2.4419810493846565,2.404833716619938
2.100394427654575,2.250420002308894
2.094131603354333,1.9493900066449128
2.078275075007026,2.4756711883244296
2.22802117964206,2.3502480183341627
2.3471499728392478,2.346352974450639
2.184210627281443,2.285557309007774
2.0874899849001154,1.9242792860618814
3.1614584514514243,2.658964842664435
2.2438654874347685,2.2430380486862944
2.077209475568677,1.9190780923760737
1.7952161256761103,1.6532125137753437
1.8542146881814887,1.5314789170422551
2.0880701178662138,2.230448921378274
2.47958420998488,2.4771212547196626
2.0973055180315825,2.6020599913279625
1.9915223803979043,2.041392685158225
2.422740392377404,2.439332693830263
1.9509030541853556,1.9493900066449128
2.087194179797439,2.110589710299249
2.0425428235081178,1.9912260756924949
2.485727614075775,2.2648178230095364
1.7113187699618955,1.5185139398778875
2.201898578877356,2.12057393120585
2.0171789685050356,2.1398790864012365
2.0815994399710327,2.0
2.1136280553920646,2.0827853703164503
2.2675387958835405,2.0
2.143276478175884,2.298853076409707
1.9900166866572204,2.3521825181113627
2.078334513181375,2.093421685162235
1.9791431223202995,2.1398790864012365
2.317326945528896,2.3979400086720375
1.9201840728099027,2.0718820073061255
2.0488657386954863,1.9731278535996986
2.083410643466948,2.230448921378274
1.9420562835131097,1.9684829485539352
2.1563588952681476,2.255272505103306
2.064979306416851,1.99563519459755
1.650238482557807,1.6532125137753437
2.2046334185832657,2.342422680822206
2.03166622096441,1.7403626894942439
1.713970898965762,1.6532125137753437
1.9680972421010983,2.0
2.026368743881821,1.3979400086720377
2.1676553378001193,2.1072099696478683
2.1769263892623427,2.1398790864012365
2.1264336162911333,2.110589710299249
1.7813167138466857,1.7781512503836436
2.2352950219650314,2.3201462861110542
2.251065802663189,2.4216039268698313
2.1905981704917856,2.2041199826559246
2.0769322867305946,1.8633228601204557
2.0977793028105265,1.9542425094393252
2.3361136874854065,2.444044795918076
1.9563654143707656,2.161368002234975
2.0052561860159144,2.0969100130080562
1.7900139708073015,1.5563025007672873
2.1039167741343627,1.9542425094393252
2.1725720376298985,2.404833716619938
2.2994932710480604,2.3010299956639813
2.0869776195226533,2.0530784434834195
1.8322267916195785,1.698970004336019
2.092423327309237,1.99563519459755
2.3990307175223835,2.999565488225982
2.1549955344776346,1.9242792860618814
2.2260079211576214,2.0827853703164503
1.9274823460876918,2.0
2.0441402422560704,1.7403626894942439
2.325545127980489,2.1760912590556813
2.5379078066184717,3.8129133566428552
2.139478145316684,1.9444826721501685
1.8941298031273244,1.6901960800285138
1.9945978377776967,2.110589710299249
2.6782086280340147,2.9258275746247424
2.49389902087837,2.5854607295085006
1.9934411454034033,2.0969100130080562
2.2448549771435578,2.037426497940624
2.1214159145508327,2.3979400086720375
2.1849468939199936,1.8976270912904414
2.0792321638336495,2.3521825181113627
2.2322776133059787,2.3521825181113627
1.8380724531834884,1.9294189257142924
2.3232117487262425,2.290034611362518
2.132595031228055,2.305351369446624
2.530923569291111,2.5538830266438746
2.154206334878618,2.0211892990699383
2.076276917832925,2.342422680822206
2.3643417755850145,2.3979400086720375
2.239358893003942,2.167317334748176
2.0258722608170907,1.9542425094393252
1.6943859245216781,1.8808135922807914
1.9438312166886127,1.9030899869919435
2.3763677813949764,2.1172712956557644
1.9545775752936847,1.7781512503836436
2.1718555852667394,2.3483048630481607
2.038385684656443,1.9731278535996986
2.3186261578801957,2.113943352306837
1.9474874302271612,1.9493900066449128
2.477094712919917,2.3979400086720375
1.6080713601384784,1.5682017240669948
1.8368641625744415,1.9542425094393252
1.9474277558607846,1.6532125137753437
2.3085544456416254,2.255272505103306
2.1448238097940884,2.0969100130080562
2.4435528219782987,2.3364597338485296
2.6046603806826023,2.8129133566428557
2.0482545643130057,2.0969100130080562
2.147298893936221,2.0718820073061255
1.9621869118377624,1.9590413923210936
2.510604050314897,2.322219294733919
2.160052402691138,2.1931245983544616
1.9761006566634807,2.2013971243204513
2.143105390898058,2.2278867046136734
2.165403892553682,2.093421685162235
2.037494461107352,1.99563519459755
2.445824759804048,2.3201462861110542
2.026693042071433,2.060697840353612
2.072368021438875,2.0293837776852097
2.0646400677613346,1.9542425094393252
1.8083275973126354,1.9190780923760737
2.344221916020284,2.439332693830263
1.8260198759335635,1.6020599913279623
2.0613107264254604,2.041392685158225
2.299740313475306,2.2671717284030137
2.4099194408551026,1.9294189257142924
2.11062667972601,2.303196057420489
1.9564341252577038,1.9493900066449128
2.275317824420681,2.0969100130080562
2.07059172981239,1.9138138523837167
2.0438564975779805,1.9030899869919435
2.210746289318195,2.146128035678238
1.7966823937102212,1.7323937598229686
2.062038980747322,2.0
2.071583239436063,2.0827853703164503
1.8491748601730886,1.6812412373755872
2.3004504863058353,2.1271047983648077
2.3117802413785857,2.3944516808262164
2.0747771316108885,2.24551266781415
1.8266476651708432,1.6532125137753437
2.1588137855180625,2.2013971243204513
1.6536310743926206,1.4771212547196624
1.8055394625355476,1.99563519459755
1.8846557699913893,1.6434526764861874
2.3428235378360416,2.4265112613645754
2.0993447382979173,2.146128035678238
2.126904229141559,2.0
3.3152539130202907,3.315970345456918
1.930825494127118,1.8633228601204557
2.0991846543091373,2.247973266361807
2.0942106360902595,2.1760912590556813
1.7608043485730671,1.698970004336019
2.10489502660052,2.0791812460476247
1.89860118448044,1.9637878273455553
1.629777060549205,1.7403626894942439
2.5182269468670855,2.294466226161593
2.1251344565256916,2.2013971243204513
2.226190246703737,2.03342375548695
2.2404003167370243,2.2121876044039577
1.9792651738839133,1.9777236052888478
1.9496078219373565,1.7403626894942439
2.0894744299225207,2.225309281725863
2.094495043296256,2.0644579892269186
2.0110526744411144,1.9395192526186185
2.201151923210869,2.12057393120585
2.172983631965143,1.9294189257142924
2.098497812149793,2.060697840353612
1.9412822434705825,1.9493900066449128
1.9898485359226805,2.3979400086720375
2.1662024353679925,1.9493900066449128
1.7572172114997489,1.851258348719075
2.1229306451856824,2.0530784434834195
2.0612297934176604,2.3979400086720375
1.8095173778495568,1.591064607026499
2.2812791563888632,2.113943352306837
1.938095493643222,1.8633228601204557
2.189959919741409,2.146128035678238
2.083770579262158,1.9867717342662445
2.5269694060624874,2.2764618041732443
2.2535994545844322,2.2068258760318495
2.0628858521161875,1.851258348719075
2.2686349269563477,1.9444826721501685
2.234712681273737,2.3979400086720375
2.2270356984239585,2.496929648073215
2.1003007765408053,2.041392685158225
2.362764741329411,2.444044795918076
1.9802165888481953,1.8129133566428555
2.1876620665535897,2.59659709562646
2.206922065160742,2.130333768495006
2.0254183896371774,1.8750612633917
2.020362332395211,2.060697840353612
2.0431974923886482,2.041392685158225
2.383681907852996,2.359835482339888
2.231109222228622,2.5185139398778875
2.383017417264885,2.694605198933569
1.7613259129287377,2.0
2.0046613291988424,1.9294189257142924
1.886169748321818,1.9030899869919435
2.113291110352434,2.401400540781544
2.5278737826614583,2.739572344450092
2.222183895338681,2.357934847000454
2.2628184779199843,2.037426497940624
2.480495431040195,2.2810333672477277
2.1622471338711042,2.0
2.062879217568397,1.99563519459755
1.6873331456785565,1.8450980400142571
2.008271190809414,1.9542425094393252
2.3231879267816513,2.439332693830263
1.9978399097137087,2.2764618041732443
2.4112151088586975,2.311753861055754
2.457881058754933,2.45484486000851
1.9880654374094402,1.8750612633917
2.272036909717441,2.2695129442179165
2.10821593755034,2.0969100130080562
2.020972687225902,2.1760912590556813
2.2542874325512874,2.3979400086720375
2.201921644384927,2.110589710299249
1.852185305843777,1.5797835966168103
2.397615625896395,2.164352855784437
2.1154782381074093,2.2624510897304293
2.5409366982711927,2.530199698203082
2.363302583058452,2.530199698203082
2.062442770201203,2.1760912590556813
2.1091597198856604,2.0969100130080562
2.348076459438446,2.2671717284030137
1.864728829549126,1.7160033436347992
1.8509542068827538,1.9542425094393252
1.8036601434315396,1.7403626894942439
2.04812075612238,1.90848501887865
1.7949260037663952,1.7403626894942439
2.089218305527241,1.9912260756924949
2.0919429512987073,2.089905111439398
2.1579045535534584,2.0718820073061255
2.0606329406450703,2.0211892990699383
2.3937052972718593,2.41161970596323
2.1635897202980674,2.3979400086720375
2.1423020673395365,2.1760912590556813
1.855205916298148,1.7781512503836436
1.7686609971432483,1.6127838567197355
2.331906053012134,2.3443922736851106
2.3914475030687394,2.361727836017593
2.5132631556410083,2.4683473304121573
2.0362116335737337,2.0170333392987803
2.114563426821427,1.770852011642144
1.9229944010800468,1.6232492903979006
2.2043940515096203,2.220108088040055
2.204165522645761,2.3010299956639813
2.1099785086722664,2.285557309007774
2.0033850865235614,2.060697840353612
2.136524027702803,2.161368002234975
2.304217053810232,2.2671717284030137
2.2350991376368547,2.130333768495006
2.109251021597862,2.0170333392987803
2.0916248847069543,1.9777236052888478
2.1355854023181657,2.3404441148401185
2.2116568027944647,2.161368002234975
2.174177965233119,2.3404441148401185
2.1578287779187906,2.1522883443830563
2.347403244574624,2.3443922736851106
2.491937220705978,2.387389826338729
2.125310192803363,2.250420002308894
2.1023697293387005,1.9542425094393252
2.11591976369488,1.9542425094393252
2.0991445765306067,1.8750612633917
2.0488657386954863,1.9294189257142924
2.8326882832481273,2.7958800173440754
1.914399535322129,1.6901960800285138
2.1161437813393995,2.0791812460476247
2.090032554977338,2.4771212547196626
2.1545807038533296,1.9637878273455553
2.036623481574063,1.9493900066449128
2.062875438655773,2.060697840353612
2.372024318079797,2.2174839442139063
1.9461101005570036,1.8633228601204557
2.0752132583912823,1.9493900066449128
3.171847625787931,2.8432327780980096
2.0616284254755914,1.9030899869919435
2.10021499418957,2.2576785748691846
2.7069117672048497,2.639486489268586
2.066889344570876,1.8129133566428555
2.07639983715576,1.9777236052888478
2.3120260058459583,2.1958996524092336
1.935348549656945,2.1172712956557644
2.2076461863644963,2.3979400086720375
2.155036500449199,1.7634279935629373
2.2926066177290614,2.0969100130080562
2.6236186486987023,2.7403626894942437
1.877870303332941,2.0086001717619175
2.4596033986241843,2.374748346010104
2.330578121369103,2.361727836017593
2.413845305101757,2.5440680443502757
2.484900310353181,2.3961993470957363
1.7799697871697568,1.8750612633917
2.1099652806435367,2.1072099696478683
3.245715712692671,2.5440680443502757
2.152859959635552,2.110589710299249
2.2458126997968018,2.0211892990699383
2.419103633505433,2.1398790864012365
2.1546150454976383,2.0492180226701815
1.8464653698506979,2.214843848047698
2.051538344423055,2.146128035678238
2.1170438005185694,2.0969100130080562
2.506012360468807,2.6532125137753435
2.3057528002094823,2.3560258571931225
2.644070522397858,2.7371926427047373
2.2830652468807258,1.9731278535996986
1.6736637958787834,1.9030899869919435
2.048480747929449,2.173186268412274
2.064101119875623,2.0969100130080562
2.1283384887709333,2.143014800254095
2.1017570875404683,2.287801729930226
2.546163269658283,2.5440680443502757
2.2067509758643036,2.3891660843645326
2.1231496103491145,2.110589710299249
2.192588288715066,2.110589710299249
1.9762594431851177,1.9493900066449128
2.1602356678860115,2.406540180433955
2.46771195448067,2.929418925714293
1.9169080202983413,2.110589710299249
2.1409173972973283,1.9542425094393252
2.226424518793206,2.1522883443830563
2.074120291815702,2.3891660843645326
2.378734391317557,2.2528530309798933
2.505138289909264,2.3979400086720375
2.0019081083688217,1.9542425094393252
2.2426678995886733,2.290034611362518
1.89985318135753,2.0
2.017292876270817,2.3201462861110542
2.1186090583623534,2.311753861055754
2.0922665475840927,2.060697840353612
2.0618287395826194,1.8976270912904414
2.2549995588323264,2.413299764081252
2.3639618146592998,2.3979400086720375
2.3105204159971637,2.3138672203691533
1.9685872132978748,1.99563519459755
2.487251977496519,2.4683473304121573
2.4380261847674274,2.3654879848909
2.295307049587465,2.4345689040341987
2.1714144062828615,1.9777236052888478
2.3836614112692995,2.4471580313422194
2.251189202251195,2.2430380486862944
2.276170735856397,2.4771212547196626
1.6968992171070902,1.6532125137753437
2.235728028005195,2.146128035678238
2.19845892447165,2.161368002234975
1.9976699980671158,2.3010299956639813
2.3515094074045773,2.041392685158225
2.1546604825447084,2.1903316981702914
2.1909087724974055,2.060697840353612
2.2729842866747165,2.113943352306837
2.0449202387753878,2.220108088040055
2.225319453980358,2.0969100130080562
2.044817543084862,2.2695129442179165
2.1088067439030658,2.0453229787866576
2.134988971550131,2.3010299956639813
2.2039996347815958,1.9912260756924949
1.7558746627376487,1.698970004336019
2.2554074354070126,2.4216039268698313
2.3937193135289054,2.3979400086720375
2.6874238146696316,2.5550944485783194
1.8023288325013571,1.8450980400142571
2.0743686024490486,1.9590413923210936
2.009874975604191,1.99563519459755
2.2395522319376204,2.5428254269591797
2.045170934095074,2.0
1.6963212918692756,1.6532125137753437
2.2444462095593884,2.3502480183341627
2.4045022932410385,2.6532125137753435
2.252934012045368,2.574031267727719
2.648060855464614,2.8750612633917
2.2405581163088506,2.359835482339888
2.054104059450194,1.8325089127062364
2.240589162167646,2.359835482339888
2.0963909068998454,1.9444826721501685
2.4268516028477984,2.6989700043360187
2.057321397451753,2.173186268412274
2.2014641219979287,2.359835482339888
2.104121292462706,1.9867717342662445
2.125901113810967,1.9030899869919435
2.129091526853063,2.041392685158225
2.077625439100155,1.8388490907372554
1.884294287822146,1.9542425094393252
1.970058518547315,2.041392685158225
1.9336855897311127,1.9030899869919435
2.0960296946146477,1.9867717342662445
2.206630864278582,2.0
2.1615508819811313,2.298853076409707
2.224580192071703,2.146128035678238
2.050856265016159,1.99563519459755
2.0748267633562305,2.041392685158225
2.002859331250745,1.9777236052888478
2.104451652193934,1.9590413923210936
2.111608150105986,1.9731278535996986
2.2067882737449174,1.8260748027008264
2.2831279637502786,2.0755469613925306
2.1410400917954533,2.298853076409707
2.257098569010558,2.342422680822206
2.214812075463953,2.5440680443502757
2.093314910707566,2.1072099696478683
2.164257418395116,2.100370545117563
2.09975090515471,1.799340549453582
2.0539507237876564,1.9777236052888478
2.226363972165029,2.0969100130080562
1.8734640670440545,2.0
2.3022101093217007,2.060697840353612
2.4304862805022838,2.683947130751512
2.113163266697284,2.27415784926368
1.7002815899644979,1.6020599913279623
2.1827956034000264,1.99563519459755
2.4111032635426337,2.220108088040055
2.251237016423187,2.1760912590556813
2.0744757888760113,2.0791812460476247
1.774510112499725,1.8750612633917
2.3096729554637268,2.1903316981702914
2.063179246123122,2.0969100130080562
1.974894427934978,1.799340549453582
2.1000640607395358,2.2278867046136734
2.2556808541990208,2.392696953259666
2.034602291745297,1.9344984512435677
2.1067177076437287,2.3364597338485296
2.519367000363129,2.578639209968072
1.9440066131558478,1.9294189257142924
2.0641046728653993,2.1492191126553797
1.7882774856236818,1.7481880270062005
2.1553284128641743,2.161368002234975
2.026886487712711,2.146128035678238
2.1117796095562706,2.0
2.1241483443395253,2.103803720955957
2.30210360374004,2.1335389083702174
2.299900623031973,2.4456042032735974
2.5390972277288477,2.6020599913279625
2.0036367700434288,1.9294189257142924
1.8563299343878243,1.7781512503836436
1.9521709414648727,1.9822712330395684
2.0564235656508707,2.0211892990699383
2.3273671175418014,2.3201462861110542
2.098988857758621,1.819543935541869
2.0966233290540215,2.161368002234975
2.0593984588316077,3.322219294733919
1.9908042661801573,2.290034611362518
2.168479836681175,2.1702617153949575
2.0859885363262296,1.8864907251724818
2.0392482112319854,1.8750612633917
1.9688183661603227,1.8633228601204557
2.1148518137314687,2.1398790864012365
1.8016063065137073,1.6812412373755872
1.8691912829428952,1.8129133566428555
2.002904766013172,1.7634279935629373
2.2151881358837735,2.462397997898956
2.0376202532725993,2.0969100130080562
2.2243778463427493,2.2528530309798933
2.1258087815008673,2.110589710299249
2.057267694868152,2.3820170425748683
1.9329812124851793,1.6720978579357175
2.224783113066605,1.9777236052888478
2.4332782013162344,2.6989700043360187
2.126193438872713,2.0827853703164503
2.012891446696856,1.9294189257142924
2.126259240737924,2.2671717284030137
2.224971791060464,2.3010299956639813
2.0801310093990555,2.326335860928751
2.1032564763929225,2.0969100130080562
2.0853889805554187,2.0
2.0147298129857587,1.9542425094393252
2.2110560593398967,2.4756711883244296
2.133643015005407,2.03342375548695
2.4072618308284954,2.824776462475546
2.380359667219881,2.342422680822206
1.9481200059313204,2.173186268412274
2.0338379082349034,1.9294189257142924
1.989637698491666,2.0969100130080562
1.9381097333172124,1.8450980400142571
1.8657695367301939,1.9637878273455553
1.9694795802890923,1.9912260756924949
2.4152881490906224,2.1986570869544226
2.1968015123960467,2.3961993470957363
2.1748360559053572,2.0969100130080562
2.0075811629626776,1.8692317197309762
2.209201687985362,2.146128035678238
2.302704162378245,2.164352855784437
1.7796435376610082,1.6020599913279623
2.105424943831062,2.255272505103306
2.363947488918054,2.361727836017593
2.2104089801918922,2.4456042032735974
1.9240241519178962,1.8450980400142571
2.0264451686146554,1.8750612633917
1.9841213692330646,1.8976270912904414
2.0257156540785397,1.8750612633917
2.0719559108705563,2.1818435879447726
1.770335046451327,1.9030899869919435
2.432003684777044,2.298853076409707
2.089625995830856,2.0
1.8302099304802384,1.662757831681574
1.9835977074358617,1.9242792860618814
2.08991577185798,1.99563519459755
1.9226775754177539,1.851258348719075
2.0460834154156293,2.3010299956639813
2.0131520445755404,2.060697840353612
2.482427185244238,2.424881636631067
2.262750625234155,2.1760912590556813
2.4264010129508042,2.2430380486862944
2.3160109576192243,2.6483600109809315
2.432386487918553,2.6766936096248664
2.13455006986109,2.0
1.9059169615062699,1.7781512503836436
2.070671483499553,2.2430380486862944
1.969746134676036,1.9777236052888478
1.7174455413856977,1.7558748556724915
2.1618192009191435,2.0791812460476247
2.275563229533728,2.3979400086720375
2.1403982090949127,1.8573324964312685
2.107501912731894,2.1760912590556813
2.362862466932125,2.3979400086720375
2.0186333744908387,2.060697840353612
2.0414492196424465,1.9493900066449128
2.5038635570608876,2.5854607295085006
2.1117032479706888,2.278753600952829
2.4783620813055407,2.928395852256714
2.1467532360337964,2.041392685158225
2.018578272634054,2.0043213737826426
2.0876740757274983,1.9444826721501685
2.0292923875566053,2.100370545117563
2.246935803627628,2.3521825181113627
2.2189530215802007,1.9030899869919435
2.0538719221186748,2.1760912590556813
2.052844844651443,2.2174839442139063
2.1908977484270573,2.184691430817599
2.657239230088057,2.8382192219076257
1.9741246631441214,2.4608978427565478
2.0705068297401024,2.0
1.951635272089801,1.6532125137753437
2.0385468913931786,1.99563519459755
2.0699005307264606,2.0492180226701815
2.1941677964184594,2.298853076409707
1.8114174884632703,1.792391689498254
2.399488178314364,2.4638929889859074
2.33241134893256,2.173186268412274
2.0650708884174183,1.8750612633917
2.054805397012459,1.8864907251724818
1.9299636942582892,1.7781512503836436
1.9584427434601628,2.0492180226701815
2.232277834094157,1.9777236052888478
2.004491656578712,1.99563519459755
2.1309038794602864,2.0827853703164503
2.550504077633065,2.4727564493172123
2.3013424594916954,2.298853076409707
1.8961893662528608,2.3010299956639813
1.9234890508383344,1.9912260756924949
2.198539292404739,2.0791812460476247
1.9466360428342517,1.8633228601204557
1.9114012293143117,1.8450980400142571
2.2627803851710566,1.851258348719075
1.7438193571906633,3.0
1.8787911225516603,1.9777236052888478
1.908290529896532,1.7781512503836436
2.187099520668282,2.0755469613925306
2.0343374035101354,1.7781512503836436
1.8187510836614325,1.4771212547196624
2.3191301488490574,2.3010299956639813
2.003098473523084,2.093421685162235
1.8979477756758563,1.9138138523837167
2.3457108719853292,2.3483048630481607
2.8088844544327314,2.8627275283179747
2.1400321669923046,2.290034611362518
2.016809500891648,1.9190780923760737
1.796551223336553,2.0253058652647704
2.039497605995085,2.0969100130080562
1.965499953714398,2.0969100130080562
2.071756303510615,2.041392685158225
2.6065037432046654,2.5599066250361124
2.1767874183934497,2.2648178230095364
2.0551374693898254,2.123851640967086
2.1068246592023887,2.0791812460476247
2.077611573649106,2.146128035678238
1.7563000348276034,1.7403626894942439
2.1810727946291313,2.2405492482826
2.4578652373053878,2.3384564936046046
2.1640553086645964,2.0791812460476247
1.9970842246985312,2.0755469613925306
2.1283758002937083,2.3961993470957363
2.03594927054741,2.12057393120585
2.189246544362282,2.3010299956639813
1.9642583646065277,1.9590413923210936
2.129005410271437,2.1760912590556813
2.241060822483412,2.3521825181113627
1.82470524110141,2.0
1.6956080132981683,1.5185139398778875
1.9038120365342792,1.8450980400142571
2.280244946579625,2.2810333672477277
2.447986557918023,2.4756711883244296
2.2277972865833044,2.164352855784437
1.9604145997243092,1.9190780923760737
2.263250025391713,2.100370545117563
1.7884045496118903,1.7403626894942439
2.4061135770826665,2.3979400086720375
2.1369633653432514,2.1903316981702914
2.3011276946272567,2.113943352306837
2.160685118269028,2.3010299956639813
1.9906109627927238,1.9493900066449128
1.999563731077837,2.225309281725863
2.1148533698838348,2.230448921378274
2.3858304257589205,2.3961993470957363
2.2870582025642916,2.484299839346786
2.125931089074747,2.146128035678238
2.222452585945497,2.1760912590556813
2.2494672563393876,2.161368002234975
2.1184303275197633,2.060697840353612
1.9509577083326617,1.99563519459755
2.197888859137463,2.2405492482826
2.3735238603049984,2.4771212547196626
2.20146210458628,2.1760912590556813
2.209159888450781,2.184691430817599
2.0600695006529577,1.8864907251724818
1.9854247940798857,1.770852011642144
2.5197191370995955,2.424881636631067
1.9814287242526767,2.113943352306837
1.944158368792726,1.8808135922807914
2.430270759888557,2.734799829588847
1.7222056011598286,1.7781512503836436
2.3665667912363935,2.292256071356476
2.03545186145568,2.113943352306837
2.1445824043522665,2.060697840353612
2.173711441485793,2.146128035678238
2.1887519280979344,2.3979400086720375
2.1546604825447084,2.0969100130080562
2.0749028035682318,2.0
1.7996792956216374,1.8129133566428555
2.0682067603085863,2.041392685158225
2.0533072747234873,1.9542425094393252
1.9997019727797394,1.8976270912904414
2.1389849199462176,2.0969100130080562
2.2692819180559645,2.130333768495006
2.135969837990306,2.0
2.048467710529332,1.8633228601204557
2.160633250957916,2.3324384599156054
2.1800695228154363,2.1760912590556813
2.2725308880583417,2.5024271199844326
2.069394227528983,1.8750612633917
2.0769191193547902,2.1931245983544616
2.1315139230069486,2.0718820073061255
2.2619373575241832,2.093421685162235
2.384525566345475,2.4313637641589874
2.046657435708346,1.8633228601204557
2.436304892720814,2.4099331233312946
2.1178568573860086,2.0
2.201715378497554,2.0211892990699383
2.280037238783311,2.0969100130080562
2.1084249384625515,1.9294189257142924
1.7466052083948735,1.5185139398778875
2.0134706666763895,2.1398790864012365
2.6933157274463744,3.176091259055681
2.1406409332004688,2.0
2.1740539499979294,2.1789769472931693
2.010846947156146,1.9590413923210936
1.9861514026394145,2.041392685158225
1.8194422402638997,1.8692317197309762
2.3174298471825066,2.6748611407378116
2.539440763636071,1.9344984512435677
2.106726198649445,2.0211892990699383
1.9986349294172516,1.9493900066449128
2.2005333147376973,2.298853076409707
2.119915381955108,2.089905111439398
1.842477334645347,1.8750612633917
2.4648452279212427,2.4313637641589874
2.8861232802573467,2.6989700043360187
2.4708753894854643,2.8444771757456815
2.254246182170175,2.1172712956557644
2.185615457961629,2.041392685158225
1.6542538469144044,2.5276299008713385
2.2870274404227486,2.1760912590556813
2.1074553828197677,2.0293837776852097
2.19658782696583,2.1492191126553797
2.43996348124261,2.625312450961674
1.821621553198216,1.6532125137753437
1.8257055290070496,1.8808135922807914
1.9227468325065618,1.7781512503836436
2.096819099326835,2.290034611362518
2.0754005408492304,2.2528530309798933
2.0380735387864877,2.041392685158225
2.0405938517185853,1.9395192526186185
2.22535164045269,2.220108088040055
2.4138108626397154,2.2278867046136734
1.9051909840236176,2.143014800254095
1.8018691184554538,1.8129133566428555
2.510900397631999,2.507855871695831
2.64136935029242,2.505149978319906
1.7738589733304413,1.5440680443502757
1.9850589293740641,2.2810333672477277
2.2539617643778236,2.2041199826559246
2.2610464439149114,2.3010299956639813
1.9224019152955527,2.0791812460476247
2.3434875712039838,2.0043213737826426
2.0217620364092665,2.187520720836463
2.0982125432358933,2.093421685162235
2.2257097579085046,2.278753600952829
2.147942098843237,1.99563519459755
1.9304129055643,1.9542425094393252
2.070808737411133,2.2013971243204513
2.078914015170397,2.164352855784437
2.264037199639116,2.1903316981702914
1.9253581724432103,1.8633228601204557
2.0121983293548666,1.785329835010767
2.189459200058167,2.342422680822206
2.2078913081455984,2.2041199826559246
2.148853122223382,1.9493900066449128
2.148686678087998,1.99563519459755
2.1046850959310905,2.123851640967086
2.394240783754155,2.436162647040756
2.148556601058839,2.4345689040341987
2.3498856097294603,2.3979400086720375
2.219770025412344,2.439332693830263
2.0911600951383815,2.2430380486862944
2.0700534404282838,2.2041199826559246
2.0558966187191174,2.113943352306837
1.855104970320195,1.8976270912904414
2.1464361685876066,2.2764618041732443
2.0904813593731353,1.9030899869919435
1.7983198797527657,1.9294189257142924
2.1887988177665116,2.113943352306837
2.0332554264455087,2.0
1.637279321479609,1.5051499783199058
2.449950791549869,3.0791812460476247
2.1260927123474698,2.330413773349191
2.1881972714819344,2.1760912590556813
2.0062984120051994,2.1760912590556813
1.9358448855318864,1.9684829485539352
2.073412655090365,1.792391689498254
1.99865368625464,1.8808135922807914
2.2655747482826643,2.247973266361807
2.169103570325704,2.3010299956639813
2.514257323392651,2.1789769472931693
2.1233683230401397,2.113943352306837
1.945497184274421,2.296665190261531
2.2239510640641997,2.5118833609788744
2.108698426240597,2.146128035678238
2.3957450849584228,2.3783979009481375
2.165463465667586,2.1335389083702174
2.527457380606523,2.8027737252919755
2.041001230513178,2.093421685162235
1.87151099098519,1.7781512503836436
2.44875161842774,2.6020599913279625
1.7419723238473128,1.6532125137753437
2.165618938430437,2.374748346010104
2.063429862629992,2.2013971243204513
2.4516104099890663,2.2227164711475833
2.9710935380029557,2.8603380065709936
2.1880896897700364,2.2278867046136734
2.1585780656140656,2.285557309007774
2.1042895666753063,2.0969100130080562
1.9799813446855428,2.1789769472931693
2.058876592807219,2.100370545117563
2.1591106498603683,2.041392685158225
2.1380510902044234,2.255272505103306
1.9166365972675627,1.8976270912904414
2.1623015217499515,2.1492191126553797
2.3290553464516246,2.3979400086720375
2.2395588511232463,2.225309281725863
2.0354956752645905,2.0969100130080562
2.1186419840595643,1.8129133566428555
1.9950256465214695,2.041392685158225
1.9062485941650105,1.8129133566428555
2.125379697741022,2.2528530309798933
2.129113981836942,2.1789769472931693
1.999267528450216,1.9777236052888478
2.1629816961768786,1.9138138523837167
2.3006900196062325,1.9030899869919435
2.3496124668182716,2.615950051656401
2.038117852308292,2.041392685158225
1.862769754486752,1.851258348719075
2.0460494860656793,2.0969100130080562
2.160916304691612,2.255272505103306
2.168770795134534,2.6009728956867484
2.114596599231754,2.041392685158225
2.097589215544114,2.161368002234975
2.2064993647191695,2.439332693830263
2.0996218192125053,2.0170333392987803
2.1875096152324645,2.1931245983544616
1.6323205554253555,1.7323937598229686
2.1502976458354994,2.322219294733919
2.1390882659782737,2.550228353055094
2.13455253113348,2.298853076409707
2.071068059143203,2.173186268412274
2.173200976283433,2.0043213737826426
2.1217373803062354,2.0
2.23482839294668,2.1760912590556813
1.655089100782164,1.4771212547196624
2.0883982953660336,2.278753600952829
2.129530311772493,2.060697840353612
1.8542606444277836,1.7323937598229686
2.0087253032734447,2.143014800254095
2.102997125094958,2.27415784926368
2.028228997416879,1.9395192526186185
2.075337249598437,2.0530784434834195
2.0471376117838274,2.041392685158225
2.4973931174105406,2.2430380486862944
2.4007637213787363,2.8750612633917
1.5692740592525583,1.698970004336019
2.4111118822820004,2.845098040014257
2.5288774629295006,2.847572659142112
2.232273345125621,2.3010299956639813
2.491821069559646,2.6884198220027105
2.297752774887965,2.2278867046136734
2.0045580900158058,2.060697840353612
2.0942578793609523,2.1367205671564067
1.8270562884678911,1.7403626894942439
2.0866492590796186,2.110589710299249
2.1652188169475335,2.0791812460476247
1.8320447104647446,1.698970004336019
2.1010062284454563,2.247973266361807
2.3758064300277475,2.2764618041732443
2.196119058520997,2.1760912590556813
2.1591838655196587,2.146128035678238
2.1182382903438426,2.247973266361807
2.184975665222292,2.0755469613925306
1.7837387353793606,1.8750612633917
2.0731842642861604,2.2121876044039577
2.37152639909818,2.5118833609788744
2.7112295338704238,2.5171958979499744
1.904760958586422,2.0
2.102029681712835,2.2329961103921536
2.295546792586818,2.5622928644564746
2.1161289298814663,2.1367205671564067
2.0264228351399636,1.9030899869919435
1.8033846850642636,1.5185139398778875
2.3114841252051774,2.6020599913279625
2.479557558015225,2.3483048630481607
2.2132013954224385,1.9777236052888478
2.079131831327595,1.9731278535996986
2.2101123159014313,2.0969100130080562
2.3064325494563302,2.2174839442139063
2.2007669345833394,2.2405492482826
1.8369145610208213,1.5440680443502757
2.564716380272816,2.8692317197309762
1.8445413206233747,1.698970004336019
2.3467220431417912,2.439332693830263
2.081370904457469,2.0827853703164503
1.7570268975104937,1.9444826721501685
1.6010249903796878,1.6901960800285138
2.5285582467871563,2.6766936096248664
2.223218274938048,2.3180633349627615
2.1287514413854005,2.1271047983648077
2.437724292250645,2.2278867046136734
2.335172276908994,2.6009728956867484
2.0789178452669232,1.8692317197309762
2.230934052851988,2.376576957056512
2.153224189053114,1.7781512503836436
1.9554930648169013,2.041392685158225
2.1523373813882483,2.4456042032735974
2.076121723126339,2.100370545117563
2.1235424643248066,2.0969100130080562
1.9651706313043675,2.0043213737826426
2.051088632750593,2.041392685158225
1.7560006978089808,1.7781512503836436
2.424369461643948,2.0
2.1802200755880086,2.0791812460476247
2.2821885627210996,2.4668676203541096
2.0842921959579033,2.0791812460476247
2.5043531523729046,2.6020599913279625
2.1483274612289582,2.3201462861110542
2.1092446522767268,2.041392685158225
1.9072907767468752,1.5185139398778875
2.1826102240737115,2.146128035678238
2.261880760875288,2.469822015978163
2.1118287066289922,2.037426497940624
2.1452486995270923,2.155336037465062
2.4899298929735605,2.285557309007774
2.0997021682932244,2.0492180226701815
2.6931059575111336,2.3961993470957363
2.1486042898336795,2.2695129442179165
1.688539998119559,1.6901960800285138
2.1825328918382954,2.298853076409707
2.0338771700747453,2.330413773349191
2.150536102959388,2.060697840353612
2.1124191256814915,2.3324384599156054
2.2566202348937905,2.3944516808262164
2.091352579264529,2.1760912590556813
2.1890510783924824,2.2671717284030137
2.088658624376659,2.110589710299249
2.518028136979212,2.4345689040341987
1.8354816778980059,1.8450980400142571
2.2783236188093583,2.2013971243204513
2.107276141651635,2.0211892990699383
2.215842082889022,2.1760912590556813
2.0214529023380634,2.2528530309798933
2.0543087137323046,2.0086001717619175
1.8342433228204413,1.6020599913279623
2.3801472387059666,2.230448921378274
2.1224991451434407,2.1367205671564067
2.0684901903084327,2.1335389083702174
2.1841316958907733,2.404833716619938
3.0625470732658897,2.7101173651118162
1.89991267622487,1.99563519459755
1.789701725591464,3.9999565683801923
2.164220867217107,2.2355284469075487
1.9937266830761091,2.2174839442139063
1.9930223176164281,1.9030899869919435
2.0557688064424107,2.0
2.4465170971731753,2.5440680443502757
1.9123096197226077,1.662757831681574
2.544441638794433,2.459392487759231
2.1565082567672804,2.123851640967086
1.9443020544588772,1.6232492903979006
2.0846101510884347,2.0043213737826426
2.544599441457522,2.41161970596323
1.8669358828728204,1.591064607026499
2.1793489691750603,2.2671717284030137
2.2289139494731884,2.298853076409707
2.150610636711344,2.3979400086720375
2.410867697385319,2.3404441148401185
2.037964128558512,2.0
2.003479155903598,1.7781512503836436
2.1443889357168273,2.1931245983544616
2.432733648550387,2.4771212547196626
1.817821955951698,1.5314789170422551
2.1045312589183416,2.1760912590556813
2.4456236014948156,2.450249108319361
1.9552370576335043,1.9493900066449128
2.1953141498477167,1.7781512503836436
2.0741760972119954,2.0211892990699383
2.457248173002231,2.361727836017593
1.7199418671930378,1.770852011642144
1.6872775649537564,1.9030899869919435
2.370996752499753,2.376576957056512
2.2700697268499677,2.2013971243204513
2.1322948880691968,2.0791812460476247
2.0422733869529375,2.0
2.644165954992299,2.806179973983887
2.4744304892394955,2.576341350205793
2.3264301356734762,2.3521825181113627
2.44811595249835,2.361727836017593
2.4874714057903557,2.5599066250361124
2.216167377193188,1.99563519459755
2.2065386987730355,1.9637878273455553
2.0289915053130296,2.0969100130080562
2.037008005544702,2.130333768495006
1.982712240768764,2.161368002234975
1.8530540137407858,1.9542425094393252
2.1433331579158175,1.5563025007672873
2.09591376602318,2.255272505103306
1.8119530476306758,1.5797835966168103
2.292163614492725,2.3324384599156054
2.253225493464174,2.123851640967086
2.0716229164582516,2.060697840353612
2.0690311359687215,3.5118833609788744
2.3708743334719435,2.2174839442139063
1.6889386284319747,1.8129133566428555
2.0486779334670775,2.0293837776852097
2.005514659200349,1.7781512503836436
1.814908672244396,1.770852011642144
1.8390264904455136,1.9030899869919435
2.0140617282001734,1.8325089127062364
2.3804049062891215,2.113943352306837
2.4408035844101037,2.6273658565927325
2.107373668276839,2.0791812460476247
2.1247697235046457,2.0
1.887091816414831,1.7781512503836436
1.7119120547093132,1.6020599913279623
1.781076942392471,1.7403626894942439
2.03955256923675,2.113943352306837
2.027362429252845,1.819543935541869
2.182112381345604,2.1958996524092336
2.0762469201976095,2.060697840353612
2.4557959323903034,2.591064607026499
2.2192866448218878,2.1271047983648077
1.9448936853550227,1.99563519459755
1.9259912455172046,1.5051499783199058
2.355458030134516,2.164352855784437
2.07919849198952,2.0211892990699383
1.9589262620365806,2.041392685158225
2.3925223599675465,2.6989700043360187
2.151173860769173,1.9777236052888478
2.2024114306735996,2.173186268412274
2.407358806026191,2.6020599913279625
2.3786465370006336,2.8129133566428557
2.273470050198109,2.255272505103306
2.33679179716342,2.5185139398778875
2.077766919348899,1.9542425094393252
1.9765652539760572,1.8129133566428555
1.645422341697858,1.6434526764861874
2.416008039852341,2.3783979009481375
2.25448300585536,2.574031267727719
1.658517440420788,1.3979400086720377
2.621032709721652,2.7781512503836434
2.0646586208978546,2.0
2.147731249040265,2.146128035678238
2.243186542501747,2.2764618041732443
1.8297901636670342,2.0
1.9019725781809806,1.4913616938342726
2.0267171673881994,1.8750612633917
1.7912724761092937,2.0969100130080562
2.2190676611082147,2.305351369446624
1.6598064392758582,1.698970004336019
2.277792413984826,2.113943352306837
1.962821255000552,1.90848501887865
2.368396856180784,2.4756711883244296
2.118099336945077,2.0043213737826426
2.136794186822021,2.161368002234975
2.0362906279978006,1.8976270912904414
2.147525305664443,2.113943352306837
2.1127686795137746,2.173186268412274
2.2225542879259463,2.2227164711475833
2.3310574878344066,2.4756711883244296
1.8156742437752964,1.4471580313422192
2.071756667318978,2.0791812460476247
2.1127782719284895,2.012837224705172
2.800672046704574,2.7573960287930244
1.8098037868965746,2.0492180226701815
1.9886069866460767,2.0086001717619175
1.9108271128904315,1.9030899869919435
2.1546230734376497,2.089905111439398
2.0797517234136382,2.0
1.9500436122015479,2.0
1.8387378321047598,1.698970004336019
2.1890533693981906,2.0086001717619175
2.2159661087310716,2.278753600952829
2.8516883174943994,2.8750612633917
2.0437256427541817,1.6532125137753437
1.8729514459643433,1.7781512503836436
2.130169846583929,2.0791812460476247
2.1520056071091105,2.0718820073061255
2.4503313852921624,2.5440680443502757
2.1292740632937295,2.0086001717619175
2.070438513925338,1.9344984512435677
2.0602016977222903,2.1789769472931693
2.2972396041286847,2.1931245983544616
1.8036229809636017,1.5440680443502757
2.1393018640915633,1.9542425094393252
1.961750616357558,1.8573324964312685
2.384296971706518,2.173186268412274
2.12305692335904,2.3891660843645326
2.0852117587556225,2.110589710299249
1.9172980706382705,1.7781512503836436
1.7963399668739948,1.7160033436347992
1.8569220096524104,1.7781512503836436
1.961675223799385,1.851258348719075
1.8787533773237195,1.7781512503836436
2.008460145881142,2.380211241711606
2.270967333338194,2.146128035678238
2.1611134150963176,2.0755469613925306
2.277340615612257,2.342422680822206
2.1980601262343678,2.462397997898956
2.146821029652725,2.0791812460476247
2.081738263101635,2.1903316981702914
2.0975323081988644,2.130333768495006
2.262862389058447,2.359835482339888
2.3542306428281563,2.4608978427565478
2.1884084049944543,1.99563519459755
2.0009692039242633,2.0969100130080562
1.9982875673969582,1.9912260756924949
2.165961644200368,2.0718820073061255
1.622374747537376,1.9493900066449128
2.384618345768846,2.6085260335771943
2.260435585112854,2.1903316981702914
2.1431449181280597,2.0086001717619175
1.903239991727888,1.7781512503836436
2.2783241257084983,2.439332693830263
1.8265598765318296,2.0969100130080562
2.043815264341177,2.1271047983648077
2.0569438076889304,2.0969100130080562
1.7954817053869383,1.5185139398778875
2.1496722341917938,1.9294189257142924
2.032105617189227,1.8129133566428555
2.0183839580868326,2.041392685158225
2.003521053916869,1.9542425094393252
2.0196280864880016,1.9030899869919435
2.349176699887503,2.574031267727719
2.2081705840658645,2.0453229787866576
1.888510027004065,1.8976270912904414
2.4096014973235773,2.6020599913279625
2.2355086295609756,2.100370545117563
2.1184604888591294,2.3521825181113627
2.20883837313619,2.173186268412274
1.8952019126295658,2.1760912590556813
2.076298661010782,2.110589710299249
2.0231118271668675,2.278753600952829
2.3850607095354244,2.3979400086720375
1.9804815186423586,2.6981005456233897
2.1018531769792737,2.3242824552976926
2.057039912095132,2.0863598306747484
1.6776606752184728,1.785329835010767
2.264388627853735,2.342422680822206
2.095993440758733,1.9684829485539352
1.7487709524308828,1.5563025007672873
2.032839842506373,2.0530784434834195
2.0418338857214575,2.0
1.954266941028199,1.9444826721501685
2.100175320222584,2.3010299956639813
2.4272021103664296,2.0791812460476247
1.9834181675235554,1.9294189257142924
2.8416086789827832,2.361727836017593
1.969206544057683,1.8808135922807914
2.2084818501118684,2.2095150145426308
2.3566913832716354,2.113943352306837
2.1550046201014372,2.1583624920952498
2.31732545983097,2.278753600952829
2.552702228589335,2.59659709562646
2.1080787928740317,2.0755469613925306
2.0923698931351256,1.9542425094393252
2.2938429226291337,2.376576957056512
1.9284243898338673,1.8750612633917
1.926287401841857,1.9444826721501685
2.071888090529687,2.146128035678238
2.0347712104926767,1.9493900066449128
2.1799107280913588,1.9242792860618814
2.0556992456321623,2.294466226161593
2.5176238033159333,2.3010299956639813
2.074963658813303,2.214843848047698
1.948810181746063,2.298853076409707
2.2396449400326675,2.2278867046136734
2.087466434898648,1.8920946026904804
1.6603132953288875,1.8450980400142571
2.20160374021609,2.0253058652647704
2.2652262310146276,2.322219294733919
1.9468364179287343,1.99563519459755
2.088316109632844,2.0969100130080562
1.8457816594226708,1.9190780923760737
2.252923717812446,2.3979400086720375
1.7041534646979122,1.8388490907372554
2.1011710003782964,2.255272505103306
2.081919136227531,2.0211892990699383
2.314553741923318,2.1398790864012365
2.291725079942083,1.9777236052888478
2.14073881350424,2.2764618041732443
2.6897926830523264,2.4771212547196626
2.1925543538033523,2.0718820073061255
2.1019655729648,2.1760912590556813
2.260089408268251,2.296665190261531
2.096510091828913,2.0791812460476247
2.2693647086311985,2.255272505103306
2.1335928006323694,1.9294189257142924
2.0235627581699482,2.060697840353612
2.396479339604334,2.3979400086720375
2.1006204327249485,1.7403626894942439
2.070499603870782,2.0
2.145679203428877,2.3560258571931225
2.431041601647748,2.3944516808262164
2.423586138049282,2.4608978427565478
1.9770219647380607,1.6532125137753437
2.2471585325506545,2.1760912590556813
2.2670249328583743,2.3979400086720375
2.022042022288873,1.8633228601204557
2.431033286310565,2.459392487759231
2.402161187170823,2.7774268223893115
2.528758289221571,2.439332693830263
1.8309798375287916,1.6901960800285138
2.207423795572597,2.4742162640762553
1.9722548937596702,1.8750612633917
2.3340862245522307,2.380211241711606
2.2053445907466487,2.359835482339888
2.0722784484045893,1.9777236052888478
1.94277562478693,1.8750612633917
1.9693076528395257,2.060697840353612
2.155206273807909,1.9294189257142924
2.414461596913948,2.574031267727719
2.011870839667811,2.113943352306837
2.1221730578782334,2.143014800254095
1.6721533437630116,1.806179973983887
2.1345963574133417,2.1522883443830563
1.8419744369390492,1.7323937598229686
1.9767952731247929,1.799340549453582
2.325350645536369,2.380211241711606
2.302101255441675,2.5224442335063197
2.018269614108867,2.1903316981702914
1.9566736631124722,1.9777236052888478
2.1640381764738397,2.3364597338485296
2.6212128014691456,2.4216039268698313
1.772506805092901,1.9684829485539352
1.7658465915000883,1.8388490907372554
2.198613260685829,2.0755469613925306
1.830616928491423,1.698970004336019
2.0990241195849446,2.1931245983544616
1.9293604471113668,1.9030899869919435
1.799273375254219,1.5440680443502757
2.166745044140514,2.2430380486862944
2.566645914976336,2.739572344450092
2.0425714604177934,2.12057393120585
2.042064238170813,1.9030899869919435
2.7343023229909735,2.7781512503836434
2.190092243851343,2.143014800254095
1.9207466008124245,1.8129133566428555
2.1893898935584053,2.0
2.084963912835887,2.1367205671564067
2.0726179814459087,2.0791812460476247
2.1315722757019984,2.0
2.2405724276317445,2.113943352306837
2.180270689186612,2.2121876044039577
2.3760283011750922,2.173186268412274
2.428300583121441,2.534026106056135
1.930976120673314,1.724275869600789
2.20986509588096,1.8692317197309762
1.966035119120897,1.8450980400142571
2.2339409455194192,1.9190780923760737
1.653942236696839,1.6020599913279623
2.0638457457260357,2.0
1.9499462948085093,1.9637878273455553
2.2690513055835164,2.0
2.2442836708549647,2.439332693830263
2.158014619652726,2.113943352306837
1.8785667599576168,2.0086001717619175
2.110533817512502,2.2430380486862944
2.3604694451089587,2.184691430817599
2.0854937336579096,2.3010299956639813
2.321763843223045,2.130333768495006
2.1784733049707268,2.164352855784437
2.4989939249148967,2.3710678622717363
2.246157055306938,1.9542425094393252
1.896429997154604,2.012837224705172
2.3652218828398768,2.5010592622177517
1.8667566311557644,1.8129133566428555
1.913089365536815,1.6334684555795862
2.0786645767943344,1.9867717342662445
2.083545203699273,1.9777236052888478
1.8253635868136078,1.99563519459755
2.1238685605090777,2.1172712956557644
2.2670375089385377,2.6989700043360187
2.27587184279417,1.9822712330395684
1.9749806529644491,1.99563519459755
2.4026397114185407,2.3010299956639813
2.2094493728811955,2.250420002308894
2.32319877664696,2.287801729930226
2.0367530008310206,1.9030899869919435
2.009874105886259,1.698970004336019
2.3259557083543676,2.0170333392987803
2.0047501365433185,2.041392685158225
1.761411825776642,1.5563025007672873
2.054658061105617,2.0086001717619175
2.118866385657908,2.3909351071033793
2.3607938576484675,2.146128035678238
2.1317563757767797,1.9030899869919435
1.977541074110189,1.8450980400142571
1.9849767084386025,2.0
2.2950794397437746,2.146128035678238
2.048654076960166,1.8808135922807914
2.10597291470863,2.1986570869544226
2.3589916047188475,2.2041199826559246
2.295760484325781,2.2671717284030137
2.5770884666044727,2.6599162000698504
2.075032564798291,2.2013971243204513
1.9010273329989928,1.9777236052888478
2.136410528389568,2.0791812460476247
2.102984019727095,2.0492180226701815
1.9864344295451764,1.8325089127062364
2.326227565931703,2.230448921378274
1.771444750559652,1.99563519459755
2.329212311765832,2.0
2.504954091724661,2.3979400086720375
1.8348612853211443,1.8450980400142571
1.954463813257013,2.2695129442179165
2.3874917354612712,2.1760912590556813
2.046847038692682,2.230448921378274
2.151641429798071,2.278753600952829
2.2151137793404527,2.2624510897304293
2.0483610744624086,2.2430380486862944
2.115953149270718,2.0791812460476247
1.88800743844752,1.799340549453582
2.083339860366856,1.8750612633917
2.07459497910306,1.9294189257142924
1.8825239636367062,1.9138138523837167
2.516490575917848,2.3483048630481607
2.437996789356732,2.3283796034387376
1.9918346212311164,2.037426497940624
2.036765896111867,1.9542425094393252
2.003464792333889,1.99563519459755
2.057353144238068,2.060697840353612
2.295842515549163,2.361727836017593
2.0741624976154482,2.0791812460476247
2.3983437960728784,2.3138672203691533
2.5187739404088596,2.1760912590556813
2.070928790790901,2.0
2.246970310690608,2.4771212547196626
2.571980249673361,2.1583624920952498
1.8453206257261319,2.3010299956639813
1.9346665743111582,1.9590413923210936
2.083091154704066,2.2430380486862944
2.2260264053280983,2.3521825181113627
2.032424347443779,2.161368002234975
2.0346280690927743,1.8450980400142571
2.0574300159390235,2.100370545117563
1.8583355853910104,1.770852011642144
2.3661538953314185,2.089905111439398
2.5788825339495767,2.694605198933569
2.2524596606415512,2.1903316981702914
1.970687502031733,1.8129133566428555
2.5730429829931922,2.6989700043360187
1.996884515885427,1.9242792860618814
2.0730784030335316,1.9542425094393252
2.0133138853142634,2.346352974450639
1.931818570145451,2.2695129442179165
2.8234626343754656,2.6009728956867484
2.114537149459564,1.9444826721501685
1.9665154736547017,1.8750612633917
2.1055208108204937,2.110589710299249
2.349682988185779,2.292256071356476
2.0907029985156846,1.9493900066449128
2.429638890926618,2.9030899869919438
2.382946807111696,2.255272505103306
2.210971344630205,2.322219294733919
2.0865492118941265,2.0
2.4326252378248827,2.6434526764861874
1.9959544457209528,1.8750612633917
2.048138823209504,1.7781512503836436
2.4301917399671233,2.4471580313422194
2.4884014126114145,2.5211380837040362
2.4271842202012945,2.439332693830263
2.6809327005879,2.617000341120899
2.1409014770025845,2.0
2.2572309232069214,2.12057393120585
2.1602099111127226,2.123851640967086
2.1132348047694487,2.164352855784437
1.9550922367947845,2.1903316981702914
2.0317013178448633,1.7323937598229686
2.3254846148958124,2.5118833609788744
2.346687534858949,2.3521825181113627
2.1310079856183624,2.1335389083702174
2.1061488767689793,2.110589710299249
2.2767905597810913,2.294466226161593
1.8983175160528365,1.851258348719075
2.4819931696802815,2.6364878963533656
2.1258521639449386,1.9542425094393252
2.0727457301719343,1.7781512503836436
2.3106793670377397,2.4756711883244296
2.4064103478977197,2.2671717284030137
2.066174054767004,1.99563519459755
1.8371853531826594,2.0
2.0344517245076092,2.123851640967086
1.887951515668716,1.7403626894942439
1.9366245279061156,2.0
2.161804523943426,2.1702617153949575
2.3433937734137316,2.3443922736851106
2.3345834463833133,2.220108088040055
2.335433508685765,2.326335860928751
2.452565277240574,2.667452952889954
2.163134268290011,2.5440680443502757
1.8122267743689229,1.4471580313422192
2.154917543360295,2.2121876044039577
2.0556577894821877,1.9912260756924949
2.064864062133308,2.037426497940624
2.4747485693120073,2.741151598851785
2.0032809858872795,2.113943352306837
2.2122569122614464,2.1818435879447726
2.438057137645042,2.7774268223893115
2.0942553728821194,2.4771212547196626
1.7947798246242308,1.8750612633917
2.1005204091466303,2.3979400086720375
1.911801803687865,1.8450980400142571
2.347019007982378,2.482873583608754
2.5880890318340875,2.4653828514484184
2.2228304418754266,2.361727836017593
2.2796045446066224,2.2174839442139063
2.130041477616779,2.1760912590556813
2.1896215290293104,2.173186268412274
2.212737277402742,2.342422680822206
2.1949278644677226,2.173186268412274
1.9508107471460934,1.99563519459755
2.074614805256686,1.8976270912904414
2.3095295425128772,2.4756711883244296
2.5201031975519266,2.928907690243953
2.161565380026725,2.2528530309798933
2.043357714157983,1.9493900066449128
2.051435897382202,2.1398790864012365
2.250388566682842,2.130333768495006
2.275633299772156,2.7126497016272113
2.4806094994342587,2.4183012913197452
2.5154234511013764,2.6283889300503116
2.3574864618622486,2.4913616938342726
2.047409667930761,1.7403626894942439
2.0009956571897454,2.0
2.2870274404227486,2.041392685158225
2.054455183732887,2.0211892990699383
1.8800963692246808,2.187520720836463
2.173414463514557,2.0969100130080562
2.358112749210877,2.322219294733919
1.8684519876516483,1.7781512503836436
2.0896179431254467,2.0791812460476247
2.3937105036307096,2.3979400086720375
2.1235616638088075,2.2095150145426308
1.7871896191020173,1.9030899869919435
2.074571281062573,2.041392685158225
2.2070863717354734,2.1072099696478683
2.066567292098247,2.214843848047698
2.3236846556381505,2.2648178230095364
2.170909038325672,2.2174839442139063
2.3144112106557504,2.2013971243204513
2.1713230004754918,2.1398790864012365
2.0806204816988365,2.1760912590556813
2.163380891319616,2.0
2.1612290544049353,1.99563519459755
2.1409051385233444,2.255272505103306
2.1431992640982394,2.1072099696478683
2.0591795182282686,1.9777236052888478
2.3710583357892925,2.6981005456233897
2.0706850868594673,2.2174839442139063
2.6500263535499875,2.322219294733919
2.2420202164188017,2.155336037465062
2.0179544204318764,1.9542425094393252
2.1189613383215486,1.9912260756924949
2.0700669989890157,3.2900346113625174
1.792596901881469,1.9294189257142924
2.4618362699764904,2.662757831681574
2.166587174210543,2.0791812460476247
2.053915666050867,2.1760912590556813
1.960145938366377,1.724275869600789
1.9524065665284196,1.8750612633917
1.8872991773106786,1.6532125137753437
2.229464229364257,2.1271047983648077
2.7654382987155177,3.299507298700487
1.812071839303971,2.230448921378274
1.9864244378944003,1.9030899869919435
2.1494904104305133,2.1760912590556813
2.0692418855082733,2.1335389083702174
2.1306099091088635,2.1072099696478683
1.908737550833737,1.698970004336019
2.2162684426036883,2.5440680443502757
1.6763144468162348,1.6434526764861874
2.0437670642395203,1.9294189257142924
2.019401575345425,1.99563519459755
2.856005136769283,1.3979400086720377
2.0297665755742416,1.9590413923210936
2.3913737745047734,2.392696953259666
2.1047659508083,2.3010299956639813
2.058098343398714,1.9637878273455553
1.8655687122984048,1.8450980400142571
2.0033821756554904,1.9777236052888478
1.926812593292046,1.6232492903979006
2.370118930464865,2.5440680443502757
2.9729037077145897,2.8129133566428557
1.7221521690424615,1.6020599913279623
1.9350756137745302,1.792391689498254
2.102897718757985,2.3783979009481375
1.7531292457768808,1.7781512503836436
2.27684605823499,2.255272505103306
1.9972102645052638,2.0
2.2411601610906504,2.271841606536499
2.1379341729698536,2.0791812460476247
2.29598926602354,2.0755469613925306
2.233381751782254,2.4608978427565478
2.0466232508975017,1.9912260756924949
2.021665428863148,1.8129133566428555
3.104744910482445,2.6981005456233897
2.215253453003351,2.2671717284030137
2.0547908348723025,2.037426497940624
2.3068408060353147,2.220108088040055
2.1521282890998195,1.9542425094393252
1.9825389723558127,1.9030899869919435
2.4081147243700074,2.361727836017593
1.837171769806297,1.9493900066449128
2.072993109308121,2.093421685162235
2.340535413796662,2.439332693830263
1.8510801286444012,1.5563025007672873
1.9213053537007099,1.7160033436347992
2.382935418239983,2.4082399653118496
2.065728561154513,1.9777236052888478
2.1780265443896325,2.113943352306837
1.8792884370662462,2.1760912590556813
2.130971223300009,2.3010299956639813
2.1491740904414542,1.9542425094393252
2.2497996377149074,2.2121876044039577
2.3223741358699272,2.3502480183341627
2.46811219135796,2.4771212547196626
2.085967364717431,2.0791812460476247
2.4029442036698696,2.598790506763115
1.7747970665503545,1.6020599913279623
2.068135404495777,1.99563519459755
1.8970368559745063,2.0
2.1992037012836168,2.0211892990699383
2.158294752496976,2.0791812460476247
2.4915914639361807,2.6324572921847245
2.1936468267708475,2.060697840353612
2.070751746696822,1.9542425094393252
2.0743686024490486,2.0211892990699383
2.151064590543662,2.0791812460476247
2.118077872911999,2.0969100130080562
2.0940391143456782,2.413299764081252
1.9974082711093735,2.143014800254095
2.0778663977997702,2.041392685158225
3.002302164996473,2.6693168805661123
1.9921928209270447,2.0
1.6789370820648923,1.5682017240669948
2.2082792929063046,2.0791812460476247
1.9044676818297885,1.9777236052888478
2.0280626458130233,1.8976270912904414
2.241232802947026,2.130333768495006
2.1449966072322093,2.2121876044039577
2.7374270437341806,2.6384892569546374
1.9571298273124287,2.1760912590556813
2.0426390106099745,2.041392685158225
2.318028149669955,2.2041199826559246
2.062442770201203,2.1760912590556813
